{
  "id": "r53",
  "title": "Apfeltaschen",
  "tags": [
    "Hauptgericht"
  ],
  "ingredients": [
    "1 Pck Blätterteig",
    "2 Äpfel",
    "1 TL Zimt",
    "2-3 EL pﬂanzliche Sahne/Milch (opt)",
    "ca. 150 g Puderzucker & 3-4 EL Zitronensaft/Wasser (opt)"
  ],
  "spices": [],
  "steps": [
    "Äpfel waschen und/oder schälen. Dann vierteln und das Gehäuse entfernen und die Äpfel in kleine Würfel schneiden Die Apfelstücke in einen kleinen Topf geben und bei niedriger bis mittlerer Hitze mit einem kleinen Schuss Wasser (oder Apfelsaft) köcheln/anbraten bis sie etwas weicher werden Die Äpfel mit einem Kartoffelstampfer zerdrücken (muss nicht super fein sein) und mit Zimt abschmecken, sodass ein grobes Apfelmus entsteht Das Apfelmus abkühlen lassen (über Nacht oder wie lange auch immer man Zeit hat)",
    "Den Blätterteig ausrollen und erst der Länge nach halbieren und die Hälften dann je vierteln Die Apfeltaschen befüllen: a. ein Stück von dem Blätterteig nehmen und mit einem Nudelholz noch ein kleines Bisschen dünner rollen (muss man aber auch nicht)",
    "b. Jetzt auf eine Hälfte des Stücks 1-2 EL vom Apfelmus tun c. Die andere Hälfte umklappen, sodass das Apfelmus eingepackt ist d. Die Ränder jetzt aufeinander Drücken und mit einer Gabel kleine Rillen eindrücken, um die Tasche sicher zu verschließen e. Die Tasche jetzt auf ein mit Backpapier ausgelegtes Blech legen Wenn alle Taschen auf dem Backblech (mit etwas Abstand voneinander) liegen kann man diese noch mit etwas Pﬂanzensahne/-milch bestreichen, für die Farbe am Ende Das jetzt wie auf der Blätterteigpackung beschrieben backen (200°C für 20 min)",
    "Die jetzt wieder kurz abkühlen lassen (sind frisch aus dem Ofen viel zu heiß, aber sehr lecker, wenn sie noch etwas warm sind)",
    "Wenn man möchte, kann man dann jetzt einen Zuckerguss aus dem Puderzucker und Zitronensaft mischen und die Apfeltaschen damit bestreichen (und nochmal etwas"
  ],
  "notes": "",
  "image": ""
}