{
  "id": "r14",
  "title": "→ Auﬂaufform (25 x 25 cm)",
  "tags": [
    "Hauptgericht"
  ],
  "ingredients": [
    "500 g Tortellini",
    "1 Zwiebel",
    "400 g gehackte Tomaten",
    "200 g passierte Tomaten",
    "200 ml Hafersahne",
    "100 g veganer Käse",
    "vegane Speckwürfel Gewürze:",
    "2-3 TL Brühe",
    "Salz & Pfeffer",
    "1-3 TL italienische Kräuter deiner",
    "Wahl (Oregano, Basilikum,",
    "Rosmarin, etc.)",
    "1-2 Zehen Knoblauch",
    "Etwas Tomatenmark"
  ],
  "spices": [],
  "steps": [
    "Die Zwiebel in kleine Würfel schneiden Die Tortellini mit den Tomaten, Sahne, Zwiebeln und ggf. Speck in die Auﬂaufform geben und alles gut vermengen und würzen Die Tortellinis sollten alle bedeckt sein, also ggf. noch gehackte/passierte Tomaten oder Sahne nachgießen Die Auﬂaufform jetzt abdecken und bei 175°C für erstmal 15-20 min in den Ofen Dann die Auﬂaufform kurz rausholen und den Käse drüber streuen und das ganze"
  ],
  "notes": "",
  "image": ""
}