{
  "id": "r52",
  "title": "→ Auﬂaufform",
  "tags": [
    "Hauptgericht"
  ],
  "ingredients": [
    "Für die Streusel:",
    "140 g Mehl",
    "80 g Haferﬂocken (zart)",
    "100 g brauner Zucker",
    "1 Prise Salz",
    "120 g vegane Butter (+1 EL für die",
    "Form) Für die Äpfel:",
    "3 Äpfel (ca. 800 g)",
    "2 EL Zitronensaft",
    "20 g brauner Zucker",
    "1 Pck. Vanillezucker",
    "1 TL Zimt"
  ],
  "spices": [],
  "steps": [
    "Mehl, Haferﬂocken, Zucker und Salz in einer Schüssel vermengen. Vegane Butter dazugeben und mit den Händen zu einem krümeligen Teig kneten. Streusel beiseitestellen Anschließend Äpfel schälen und vierteln. Das Gehäuse entfernen und die Äpfel in ungefähr 2 cm große Würfel schneiden Die Äpfel mit Zitronensaft, Zucker, Vanillezucker und Zimt mischen Die Auﬂaufform mit etwas veganer Butter ausstreichen Apfelwürfel in die Form legen und die Streusel großzügig darauf verteilen Auf der mittleren Schiene 35-40 Minuten bei 190°C Umluft backen, bis die Streusel"
  ],
  "notes": "",
  "image": ""
}