{
  "id": "r42",
  "title": "Béchamelsoße",
  "tags": [
    "Dips & Soßen"
  ],
  "ingredients": [
    "2 EL Margarine",
    "3 EL Mehl",
    "350 ml Pﬂanzenmilch (am besten",
    "schon Raumtemperatur) ● Muskatnuss",
    "Brühepulver, Salz, Pfeffer"
  ],
  "spices": [],
  "steps": [
    "In einem Topf die Margarine bei hoher Hitze schmelzen Dann das Mehl dazugeben und gut mit einem Schneebesen rühren (es sollten kleine Klümpchen entstehen)",
    "Dann langsam und unter konstantem Rühren die Milch dazugeben. Also immer wieder einen kleinen Schuss und dann verrühren, bis die Masse cremig ist und dann erst mehr dazugeben. Das ganze so lange machen, bis die Soße die gewünschte"
  ],
  "notes": "",
  "image": ""
}