{
  "id": "r45",
  "title": "Bratensoße",
  "tags": [
    "Dips & Soßen"
  ],
  "ingredients": [
    "2 Zwiebeln",
    "2 Möhren",
    "½ Stange Lauch",
    "ein Stk. Wurzelgemüse (z.B. Knollensellerie)",
    "150-200 g Champignons",
    "2 EL Öl",
    "3 EL Tomatenmark",
    "ca. 500 ml Rotwein",
    "ca. 500 ml Gemüsebrühe",
    "1 EL Mehl/Stärke zum Andicken (optional)"
  ],
  "spices": [
    "2 EL Sojasoße",
    "1 TL Senf",
    "2-3 Lorbeerblätter",
    "½ TL Thymian ● ½ TL Rosmarin",
    "Salz & Pfeffer",
    "1 TL Zucker oder andere Süße"
  ],
  "steps": [
    "In einem großen Topf Öl erhitzen und Zwiebeln, Sellerie, Möhren und Lauch kräftig anrösten (richtig dunkel anbraten)",
    "Wenn das Gemüse gut gebräunt ist, die Champignons dazugeben und weiterbraten, bis sie Wasser verlieren und ebenfalls etwas bräunen Tomatenmark zugeben und mitrösten, bis es leicht karamellisiert (ca. 1–2 Minuten)",
    "Mit dem Rotwein ablöschen, kurz aufkochen und. 1–2 Minuten einkochen lassen Sojasoße, Senf, Gewürze (Thymian, Rosmarin, Lorbeer), etwas Salz, Pfeffer und Zucker zugeben. Mit Brühe auffüllen. Dann alles mindestens 30 Minuten sanft köcheln lassen Nach dem Kochen Lorbeer entfernen. Dann entweder pürieren und durch ein Sieb streichen (für eine glatte Soße) oder direkt durch ein Sieb abgießen und das Gemüse ausdrücken.",
    "Falls die Soße zu dünn ist: mit in Wasser angerührter Stärke/Mehl leicht abbinden Noch einmal mit Salz, Pfeffer, Sojasoße und ggf. etwas Süße abschmecken – fertig!"
  ],
  "notes": "",
  "image": ""
}