{
  "id": "r40",
  "title": "Bruschetta",
  "tags": [
    "Hauptgericht"
  ],
  "ingredients": [
    "1 Ciabatta (oder anderes",
    "Brot/Baguette)",
    "3 Rispentomaten",
    "1 rote Zwiebel",
    "3 EL Olivenöl",
    "1 Schuss Agavendicksaft (oder",
    "andere Süße)",
    "Salz & Pfeffer ● 1 TL Knoblauchpulver",
    "3-5 TL Kräuter der",
    "Provence/Oregano/Basilikum",
    "½ TL Paprika edelsüß",
    "½ TL Paprika rosenscharf",
    "¼ TL Kreuzkümmel",
    "Balsamico Creme"
  ],
  "spices": [],
  "steps": [
    "die Zwiebel ganz fein würfeln und mit kaltem Wasser waschen (durch ein Sieb oder so)",
    "Die Tomaten klein schneiden und zusammen mit der Zwiebel in eine Schüssel geben Öl, Agavendicksaft und Gewürze dazugeben und gut mischen und abschmecken am besten mindestens 30 min ziehen lassen (oder über Nacht)",
    "das Brot in Scheiben schneiden, mit Olivenöl bestreichen und im Ofen rösten (200°C für ca. 15 min"
  ],
  "notes": "",
  "image": ""
}