{
  "id": "r65",
  "title": "Chocolate Chip Cookies",
  "tags": [
    "Kekse"
  ],
  "ingredients": [
    "100 g Kokosöl",
    "100 g brauner Zucker",
    "100 g feinster Zucker",
    "60 ml Pﬂanzenmilch",
    "250 g Mehl",
    "1 TL Backpulver",
    "1 Prise Salz",
    "100 g Chocolate Chips oder gehackte",
    "Schokolade"
  ],
  "spices": [],
  "steps": [
    "Das Kokosöl mit dem Zucker gut vermischen und dann die Milch mit einrühren Das Mehl, Backpulver und Salz in den Teig sieben und gut verkneten Als Letztes die Schokostückchen in den Teig kneten den Teig abdecken und für ca. 1h kühl stellen Den Ofen auf 180°C Umluft vorheizen und aus dem Teig ca. 2-3 cm große Kugeln formen und mit relativ großem Abstand zueinander auf ein mit Backpapier ausgelegten Blech legen Die Cookies dann für 10-13 Minuten backen und rausholen, wenn sie so aussehen, als wären sie fast fertig (sie backen außerhalb des Ofens noch etwas weiter)",
    "Etwas abkühlen lassen, aber noch leicht warm genießen Optional: Den Zucker kann man deﬁnitiv reduzieren, wenn man es nicht ganz so süß haben will Wenn die Cookies schon ganz ausgekühlt sind, kann man sie auch wieder kurz in der"
  ],
  "notes": "",
  "image": ""
}