{
  "id": "r44",
  "title": "Erdnusssoße",
  "tags": [
    "Dips & Soßen"
  ],
  "ingredients": [
    "2 EL Erdnussbutter",
    "3 TL Sojasoße",
    "2 TL Sesamöl",
    "1 TL Erdnussöl",
    "½ TL Reisessig",
    "½ TL Agavendicksaft",
    "1-3 EL Wasser",
    "1 TL Sweetchilisoße (opt)",
    "½ TL Vegan mushroom sauce (opt)",
    "1 TL Sesam (opt) Gewürze:",
    "1 TL Sriracha",
    "½ TL Chiliöl / Chili Crisp",
    "⅓ TL Knoblauchpulver (oder fein",
    "gehackt/gepresst)",
    "¼ TL Ingwerpulver (oder fein",
    "gehackt)",
    "¼ TL Kreuzkümmel",
    "Brühepulver / Salz & Pfeffer"
  ],
  "spices": [],
  "steps": [
    "Die Erdnussbutter in eine Schüssel geben und in der Mikrowelle leicht erwärmen, um das Mixen später leichter zu machen Die restlichen Zutaten dazugeben, gut mixen und falls die Soße noch zu dickﬂüssig ist mit Wasser verdünnen Mit den Gewürzen würzen und abschmecken"
  ],
  "notes": "",
  "image": ""
}