{
  "id": "r38",
  "title": "Feldsalat mit Pilzen",
  "tags": [
    "Hauptgericht"
  ],
  "ingredients": [
    "200 g Feldsalat",
    "200 g Champignons",
    "3-4 EL Olivenöl",
    "2-3 EL Aceto Balsamico",
    "1 TL Senf",
    "1 TL Pesto (opt)",
    "Salz & Pfeffer"
  ],
  "spices": [],
  "steps": [
    "Feldsalat gut waschen, ev. die weißlichen Wurzelfäden abschneiden, in Salatschleuder trocken schleudern Die Champignons abbürsten und in Scheiben schneiden Für die Vinaigrette alle Zutaten in ein Schüttelglas (z.B. leeres Marmeladenglas)",
    "geben und gut miteinander vermischen Kurz bevor der Salat serviert werden soll, etwas Margarine in einer großen Pfanne"
  ],
  "notes": "",
  "image": ""
}