{
  "id": "r28",
  "title": "für 3-4 Personen",
  "tags": [
    "Hauptgericht"
  ],
  "ingredients": [
    "Teig:",
    "375 g Mehl",
    "560 ml Pﬂanzenmilch",
    "1 TL Zucker",
    "Füllung:",
    "1 Zwiebel",
    "30 g Soja Granulat",
    "1 Paprika",
    "½ Zucchini",
    "200 g Pilze",
    "¾ Glas Pesto Rosso",
    "Sonst:",
    "200 g veganer Reibekäse",
    "1 Pck Creme Vega",
    "Olivenöl zum Braten Gewürze:",
    "Teig:",
    "Salz",
    "Paprika edelsüß & rosenscharf",
    "Knoblauchpulver",
    "Brühepulver",
    "Curry",
    "Füllung:",
    "Sojasoße",
    "Brühepulver",
    "Paprika geräuchert",
    "Salz & Pfeffer",
    "Tomatenmark"
  ],
  "spices": [],
  "steps": [
    "Zutaten für den Teig mit einem Schneebesen glattrühren und ordentlich würzen Soja Granulat mit etwas heißem Wasser, Sojasoße, Tomatenmark und Gewürzen quellen lassen Gemüse schnibbeln In einer Pfanne die Pfannkuchen ausbacken, dabei etwas Käse auf den Pfannkuchen schmelzen lassen Parallel in einer großen (tiefen) Pfanne die Füllung braten a. Dafür zuerst die Zwiebel in etwas Öl anbraten und nach ein paar Minuten die Paprika und das Sojagranulat dazugeben b. Nach ein paar weiteren Minuten die Zucchini dazugeben, gut vermischen und dann können auch die Pilze mit angebraten werden c. Wenn das Gemüse leicht braun wird, kann das Pesto und die Gewürze dazu gegeben werden Wenn die Pfannkuchen fertig sind und das Gemüse in der Füllung durch ist, können die einzelnen Pfannkuchen mit etwas Füllung und etwas Creme Vega getoppt werden. Fertig :)"
  ],
  "notes": "",
  "image": ""
}