{
  "id": "r56",
  "title": "Gebrannte Mandeln / Erdnüsse",
  "tags": [
    "Hauptgericht"
  ],
  "ingredients": [
    "200 g Mandeln oder Erdnusskerne",
    "80-100 g Zucker",
    "40-50 ml Wasser",
    "1 Pck. Vanillezucker",
    "½ TL Zimt"
  ],
  "spices": [],
  "steps": [
    "Zucker, Vanillezucker und Zimt in eine Edelstahl Pfanne geben und etwas mischen Wasser zugeben und ohne umzurühren zum Kochen bringen Die Mandeln / Erdnusskerne dazugeben und unter ständigem Rühren auf hoher Stufe"
  ],
  "notes": "",
  "image": ""
}