{
  "id": "r1",
  "title": "Gemüse Curry",
  "tags": [
    "Hauptgericht", "Asiatisch", "One-Pot", "Curry", "Indisch", "Reis"
  ],
  "ingredients": [
    "Gemüse deiner Wahl (Brokkoli, Paprika, Zucchini, Pilze,...)",
    "1 Dose Kichererbsen",
    "1 Block Naturtofu (200 g)",
    "1 Zwiebel",
    "1 kleines Stück Ingwer",
    "3-5 Zehen Knoblauch",
    "1 Dose Kokosmilch",
    "1-2 Tasse(n) Reis (abhängig von wie viel Gemüse du nimmst und für wie viele Leute)",
    "2-4 Tassen Gemüsebrühe (abhängig von Reismenge und gewünschter Konsistenz)",
    "Sojasoße, Sesamöl, Erdnussöl, vegan mushroom sauce , Sriracha",
    "Frühlingszwiebeln, Chili Mayo, Sesam als Toppings"
  ],
  "spices": [
    "2-3 TL gelbe Curry Paste",
    "1 TL Currypulver",
    "1 TL Kreuzkümmel",
    "1 TL Paprika Edelsüß",
    "½ TL Kurkuma",
    "Brühepulver",
    "Salz, Pfeffer"
  ],
  "steps": [
    "Die Zwiebel, den Ingwer und Knoblauch fein hacken", 
    "Das Gemüse in mundgerechte Stücke schneiden", 
    "Den Tofu auspressen so gut wie es geht, dann in Würfel schneiden und für 2 Minuten in gesalzenem Wasser kochen",
    "Den Tofu abgießen und beiseitestellen",
    "Die Zwiebeln in Öl bei mittlerer Hitze glasig braten",
    "Den Knoblauch und Ingwer zu den Zwiebeln geben und 2-3 Minuten mitbraten",
    "Die Gewürze und Curry Paste dazugeben und ca. 30 Sekunden mitbraten",
    "Das Gemüse nacheinander mit in den Topf geben und mitbraten (Falls am Topfboden etwas fast anbrennt, mit etwas Sojasoße ablöschen)",
    "Den Reis waschen und mit in den Topf geben, kurz rühren und mit Kokosmilch und Brühe ablöschen (außerdem gut salzen, der Reis nimmt davon viel auf)",
    "Den Topf bedecken und das Curry für circa 20 Minuten köcheln lassen, bis der Reis durch ist",
    "Circa 5 Minuten davor die Kichererbsen und/oder den Tofu untermischen und die restliche Zeit mit köcheln"
  ],
  "notes": "",
  "image": "./images/erik.jpg"
}