{
  "id": "r12",
  "title": "→ große Auﬂaufform",
  "tags": [
    "Hauptgericht"
  ],
  "ingredients": [
    "Lasagneplatten (15-20",
    "wahrscheinlich)",
    "150 g Sojagranulat",
    "400 g passierte Tomaten",
    "2 Karotten",
    "1 Zwiebel",
    "2 Knoblauchzehen",
    "1 Packung Crème Vega",
    "veganer Reibekäse"
  ],
  "spices": [
    "2 TL Oregano",
    "2 TL Basilikum",
    "3 TL Gemüsebrühe",
    "1 TL Paprika edelsüß",
    "1 TL Paprika rosenscharf",
    "1 TL Zucker",
    "Salz & Pfeffer"
  ],
  "steps": [
    "Sojahack vorbereiten: Sojahack mit Gewürzen, 1 EL von den passierten Tomaten und 3-4 EL Wasser in einer Schüssel vermischen und kurz stehen lassen Soße vorbereiten: Gemüse klein schneiden, Zwiebeln in einer Pfanne kurz anbraten.",
    "Dann das Sojahack dazugeben und nochmal etwa 5 Minuten anbraten, bevor der Knoblauch und das restliche Gemüse dazu kommen. Weitere 5 Minuten braten und dann mit passierten Tomaten ablöschen Dann in einer Backform abwechselnd Nudeln und Füllung schichten, dabei beliebig zwischen Crème Vega, Bolognese und Reibekäse wählen. Die letzte Schicht gut mit Käse* bedecken und für ca. 40 Minuten bei 200 ° C Ober-/Unterhitze backen"
  ],
  "notes": "● Statt Creme Vega kann man natürlich auch traditionell eine Béchamelsoße machen",
  "image": ""
}