{
  "id": "r47",
  "title": "Guacamole",
  "tags": [
    "Hauptgericht"
  ],
  "ingredients": [
    "3 weiche Avocados",
    "½ Zitrone/Limette",
    "1 Tomate",
    "1-2 Knoblauchzehen (je nach",
    "Menge an Leuten, die du noch",
    "sehen musst)",
    "1-2 TL Salz",
    "andere Gewürze, die gut passen:",
    "Kreuzkümmel, Paprika, Pfeffer Zubereitung:",
    "1. Avocados entkernen, mit einem",
    "großen Löffel aus der Schale",
    "nehmen und in eine Schüssel",
    "geben. Mit einer Gabel klein",
    "drücken"
  ],
  "spices": [],
  "steps": [],
  "notes": "",
  "image": ""
}