{
  "id": "r37",
  "title": "Gurkey Salat (wie von Trudi)",
  "tags": [
    "Hauptgericht"
  ],
  "ingredients": [
    "Gurke",
    "2-3 Frühlingszwiebeln",
    "3 gehäufte EL Creme Vega",
    "1 EL Essig",
    "½ EL Sojasoße oder vegane",
    "Worcestersauce",
    "1 EL Wasser",
    "Salz & Pfeffer Zubereitung:",
    "1. Gurke würfeln (bisschen kleiner als",
    "1x1cm Würfel) und",
    "Frühlingszwiebeln in feine Ringe",
    "schneiden",
    "2. In einer Schüssel die Zutaten für",
    "die Soße mit einer Gabel oder",
    "Schneebesen gut mixen und mit"
  ],
  "spices": [],
  "steps": [],
  "notes": "",
  "image": ""
}