{
  "id": "r36",
  "title": "Gurkey Salat (asiatisch)",
  "tags": [
    "Hauptgericht"
  ],
  "ingredients": [
    "1 Gurke",
    "3 EL Sweet-Chili Soße",
    "1 TL Reisessig (oder",
    "Limetten/Zitronensaft)",
    "2 TL Sojasoße",
    "2 TL Sesamöl",
    "½ TL Knoblauchpulver",
    "Chili Crisp (oder Chiliöl und/oder",
    "Chiliﬂocken)",
    "Salz & Pfeffer",
    "Sesam Zubereitung:",
    "1. Gurke halbieren und in Halbmonde",
    "schneiden",
    "2. Alles verrühren"
  ],
  "spices": [],
  "steps": [],
  "notes": "Wenn du magst, kannst du die Gurke nach dem Halbieren noch ein bisschen mehr “kaputt machen”. Nimm dafür einfach ein",
  "image": ""
}