{
  "id": "r59",
  "title": "Hefezopf",
  "tags": [
    "Kuchen & Gebäck"
  ],
  "ingredients": [
    "½ Würfel frische Hefe (oder 1 Pck Trockenhefe)",
    "280 ml Pﬂanzenmilch",
    "100 g Zucker",
    "80 g vegane Butter",
    "500 g Mehl",
    "1 TL Salz",
    "2 TL Vanilleextrakt (oder Mark von 1",
    "Vanilleschote)",
    "Zum Bestreichen:",
    "2 EL Pﬂanzensahne/-milch + 1 Prise Kurkuma",
    "(opt)",
    "30 g Hagelzucker (oder Mandelblättchen)"
  ],
  "spices": [],
  "steps": [],
  "notes": "",
  "image": ""
}