{
  "id": "r57",
  "title": "Himbeer-Orange Marmelade",
  "tags": [
    "Hauptgericht"
  ],
  "ingredients": [
    "1 kg Himbeeren (tk)",
    "2-3 Orangen (geschältes Fruchtﬂeisch oder frisch gepresster Saft daraus)",
    "ca. 600 g Gelierzucker (1:2 Verhältnis)"
  ],
  "spices": [],
  "steps": [
    "Himbeeren (auftauen lassen und) in einem mindestens 5 l großen Topf, zusammen mit dem Orangen-Fruchtﬂeisch und dem dazu gewogenen Gelierzucker im richtigen Verhältnis vermischen Die Mischung etwa 1 h durchziehen lassen Unter gelegentlichem Umrühren zum Kochen bringen Sprudelnd etwa 3 Minuten kochen lassen (Achtung, die Mischung kocht leicht über !)",
    "Die Marmelade in heiß ausgewaschene Gläser und Deckel füllen und fest zu machen"
  ],
  "notes": "",
  "image": ""
}