{
  "id": "r2",
  "title": "Japanisches Curry",
  "tags": [
    "Hauptgericht", "Asiatisch", "Curry", "Japanisch", "Reis", "Nudeln"
  ],
  "ingredients": [
    "Gemüse deiner Wahl ((Süß)Kartoffeln, Blumenkohl, Spinat, Pak Choi)",
    "1 Dose Kichererbsen",
    "1 Block Naturtofu (200 g)",
    "1 Zwiebel",
    "1 kleines Stück Ingwer",
    "3 Zehen Knoblauch",
    "1 Dose Kokosmilch",
    "Sojasoße",
    "300 ml Gemüsebrühe (und/oder mehr Kokosmilch/Sahne)",
    "1.5 Tasse(n) Reis oder 150 g Nudeln (Bsp.: Mie Nudeln, dünne Udon Nudeln)",
    "Sesamöl, Erdnussöl, vegan mushroom sauce, Sriracha (opt.)"
  ],
  "spices": [
    "1-2 Block Golden Curry",
    "1 TL Currypulver",
    "1 TL Kreuzkümmel",
    "1 TL Paprika Edelsüß",
    "½ TL Kurkuma",
    "Brühepulver",
    "Salz, Pfeffer"
  ],
  "steps": [
    "Die Zwiebel, den Ingwer und Knoblauch fein hacken", 
    "Das Gemüse in mundgerechte Stücke schneiden", 
    "Den Tofu auspressen so gut wie es geht, dann in Würfel schneiden und für 2 Minuten in gesalzenem Wasser kochen",
    "Den Tofu abgießen und beiseitestellen",
    "Die Zwiebeln in Öl bei mittlerer Hitze glasig braten",
    "Den Knoblauch und Ingwer zu den Zwiebeln geben und 2-3 Minuten mitbraten",
    "Die Gewürze und Curry Paste dazugeben und ca. 30 Sekunden mitbraten",
    "Das Gemüse nacheinander mit in den Topf geben und mitbraten (Falls am Topfboden etwas fast anbrennt, mit etwas Sojasoße ablöschen)",
    "Den Reis oder die Nudeln in einem separaten kleinen Topf kochen",
    "Die Zwiebeln in Öl bei mittlerer Hitze glasig braten",
    "Den Knoblauch und Ingwer zu den Zwiebeln geben und 2-3 Minuten mitbraten",
    "Die Gewürze dazugeben und ca. 30 Sekunden mitbraten",
    "Das Gemüse nacheinander mit in den Topf geben und mitbraten (Falls am Topfboden etwas fast anbrennt, mit einem Schuss Sojasoße ablöschen)",
    "Das Golden Curry in etwas heißem Wasser auﬂösen und zusammen mit der Kokosmilch in den Topf geben",
    "Das abgedeckt so lange köcheln lassen, bis das gewählte Gemüse durch ist"
  ],
  "notes": "",
  "image": ""
}