{
  "id": "r31",
  "title": "Kartoffelspalten",
  "tags": [
    "Hauptgericht"
  ],
  "ingredients": [
    "3-4 mittelgroße Kartoffeln",
    "3 EL Öl",
    "1-2 TL Salz",
    "1 TL Paprikapulver"
  ],
  "spices": [],
  "steps": [
    "Kartoffeln waschen, nach Belieben schälen und in Spalten schneiden Auf ein Backpapier verteilen, mit Öl bestreichen und Gewürze darüber verteilen. Alles einmal kurz vermischen Für ca. 30 Minuten bei 200 ° C Ober-/Unterhitze im Ofen backen, bis die Ecken der"
  ],
  "notes": "",
  "image": ""
}