{
  "id": "r23",
  "title": "Kartoffeln",
  "tags": [
    "Kartoffelgerichte"
  ],
  "ingredients": [
    "ca. 600 g Gemüse deiner Wahl*",
    "50 g Margarine",
    "50 g Mehl",
    "750 ml Pﬂanzenmilch",
    "500 g Kartoffeln",
    "veganes Schnitzel (opt) Gewürze:",
    "1 TL Brühe",
    "⅔ Muskatnuss",
    "Salz & Pfeffer",
    "* Kohlrabi, Blumenkohl, Weißkohl,",
    "Wirsing, …"
  ],
  "spices": [],
  "steps": [
    "Kartoffeln schälen und in relativ gleich große Hälften/Viertel schneiden und für ca. 20 Minuten kochen Das Gemüse deiner Wahl waschen, ggf. schälen, schneiden und in einem großen Topf in Salzwasser kochen (die genannten Gemüsesorten brauchen alle so ca. 15 Minuten)",
    "Das Gemüse abgießen (etwas von dem Kochwasser auffangen) und in einem Durchschlag (oder so) beiseite stellen In dem jetzt wieder freien Topf eine Béchamelsoße zubereiten (dabei kann man einen Teil der Milch durch das aufgefangene Kochwasser ersetzen)",
    "Wenn die Soße fertig ist das Gemüse dazugeben und alles gut vermischen, ggf. noch Brühe zugeben bis zur gewünschten Konsistenz und alles kurz warm werden lassen"
  ],
  "notes": "● zu Wirsing passt es sehr gut wenn man bei der Béchamelsoße vor dem Mehl noch eine fein geschnittene weiße Zwiebel mit anbrät (und wenn man fancy sein will eine vegane Speck-Alternative) ● Schnitzel kann man auch weglassen oder durch verschiedene andere Sachen ersetzen (z.B. Panierter Tofu , vegane Cordon Bleus, Falafeln , usw.)",
  "image": ""
}