{
  "id": "r58",
  "title": "→ Kastenform 20 cm (oder Mufﬁnförmchen)",
  "tags": [
    "Kuchen & Gebäck"
  ],
  "ingredients": [
    "3-4 Bananen",
    "100 g vegane Butter",
    "160 g Zucker",
    "180 g Mehl",
    "2 TL Backpulver ● 1 Prise Salz",
    "50 g Schokodrops (opt)",
    "½ TL Zimt (opt)",
    "80 g gehackte Haselnüsse (opt)"
  ],
  "spices": [],
  "steps": [
    "die Bananen mit einer Gabel zermatschen die vegane Butter mit dem Zucker schaumig schlagen danach Mehl, Bananen, Salz, Backpulver und wenn du willst Zimt und/oder Haselnüsse dazugeben und zu einem homogenen Teig rühren Optional: zum Schluss werden die Schokodrops untergehoben"
  ],
  "notes": "",
  "image": ""
}