{
  "id": "r62",
  "title": "→ Kastenform 20 cm",
  "tags": [
    "Hauptgericht"
  ],
  "ingredients": [
    "70 g vegane Butter",
    "160 g Zucker",
    "200 ml Pﬂanzenmilch",
    "300 g Mehl",
    "40g gemahlener Mohn",
    "1 TL Natron",
    "1 Prise Salz",
    "1 Pck Vanillezucker",
    "Abrieb einer Limette",
    "Saft von 2 Limetten",
    "Glasur:",
    "125 g Puderzucker",
    "Saft einer halben Limette"
  ],
  "spices": [],
  "steps": [
    "Die Pﬂanzenmilch mit dem Limettensaft vermischen Für den Teig die (weiche) Butter mit dem Zucker und der Schale der Limette verrühren a. am besten erst die Schale der Limette abreiben, bevor du sie auspresst Alle trockenen Zutaten in einer Schüssel mixen Nun die trockenen Zutaten abwechselnd mit der Pﬂanzenmilch zu der Butter-Zucker-Mischung geben Die Kastenform mit Backpapier auslegen und den Teig hineingeben Das Ganze für ca. 50 Minuten bei 180°C Ober-/Unterhitze backen Den Kuchen vollständig abkühlen lassen Für die Glasur den Limettensaft mit dem (gesiebten) Puderzucker vermischen, sodass eine dickﬂüssige Masse entsteht. Diese auf euren Kuchen streichen und festwerden lassen Optional:"
  ],
  "notes": "",
  "image": ""
}