{
  "id": "r9",
  "title": "→ kleine/mittelgroße Auﬂaufform",
  "tags": [
    "Pasta (oder so)"
  ],
  "ingredients": [
    "5 kleine gelbe Zwiebeln (oder 3 große)",
    "3 Zehen Knoblauch",
    "ein Glas getrocknete Tomaten in Öl (280g)",
    "200 ml Hafersahne",
    "200 g Farfalle",
    "100 g frischen Baby Spinat",
    "eine Hand voll frischen Basilikum",
    "Saft einer halben Zitrone"
  ],
  "spices": [
    "1 TL Paprikapulver",
    "1 TL Brühepulver",
    "Salz, Pfeffer"
  ],
  "steps": [
    "Die Zwiebeln in dünne Halbkreise schneiden (oder hobeln) & den Knoblauch hacken Ofen auf 200°C vorheizen In eine ofenfeste Form die Zwiebeln und Knoblauch mit einer großzügigen Menge von dem Öl aus dem Tomaten Glas und den Gewürzen geben und gut verteilen Die Form mit Alufolie oder einem anderen ofenfesten Deckel abdecken und für erstmal eine halbe Stunde backen In der Zeit die getrockneten Tomaten etwas klein schneiden und nach der halben Stunde die Auﬂaufform kurz aus dem Ofen nehme und die Tomaten da dazugeben und ein bisschen untermischen Die Form wieder bedecken und für eine weitere halbe Stunde backen In der Zeit Wasser für die Nudeln zum Kochen bringen und salzen und halt einfach die Nudeln kochen Den Spinat waschen Wenn die Zwiebeln durch sind, den Spinat und die Hafersahne mit in die Auﬂaufform"
  ],
  "notes": "",
  "image": ""
}