{
  "id": "r21",
  "title": "→ kleine Auﬂaufform, Kartoffelstampfer",
  "tags": [
    "Kartoffelgerichte"
  ],
  "ingredients": [
    "2 Stangen Lauch",
    "250 ml Hafersahne",
    "ca. 100 g veganer Reibekäse",
    "½ kg Kartoffeln (mehligkochend)",
    "ca. 3 EL vegane Butter/Margarine",
    "ca. 60 ml Pﬂanzenmilch",
    "(Raumtemperatur) Gewürze:",
    "Brühepulver",
    "Muskatnuss",
    "Salz & Pfeffer"
  ],
  "spices": [],
  "steps": [
    "Den Lauch gut waschen (die Stangen ggf. längs halbieren, um den Dreck besser entfernen zu können)",
    "Dann die Stangen Lauch vierteln (also ca. 15 cm lange Stücke) und in Salzwasser für ca. 15 min kochen Währenddessen das Kartoffelpüree zubereiten In die Auﬂaufform dann die Sahne geben und mit Brühepulver (1-2 TL) und Muskatnuss (¼-½ Nuss) würzen Wenn der Lauch fertig gekocht ist, diesen abgießen und in der Auﬂaufform verteilen Den Käse* oben drauf streuen und das alles für ca. 30 min bei 180°C Umluft backen"
  ],
  "notes": "● Im Rezept meiner Mom werden die Lauch Stücke mit Kochschinken umwickelt, bevor sie gebacken werden, aber das geht ohne echtes Fleisch nicht gut, deswegen mache ich gerne eine vegane Fleisch Alternative wie die Cordon Bleus, Räuchertofu oder so",
  "image": ""
}