{
  "id": "r16",
  "title": "Loaded Süßkartoffel",
  "tags": [
    "Hauptgericht"
  ],
  "ingredients": [
    "eine Halbe oder Kleinere",
    "Süßkartoffel pro Person",
    "➔ Joghurt Dip",
    "Füllung:",
    "1 Zwiebel",
    "2 Paprika",
    "2 Dosen Kidneybohnen",
    "1 Dose Mais",
    "85 g Soja-Granulat",
    "3 EL Tomatenmark",
    "Sojasoße"
  ],
  "spices": [
    "2/3 TL Knoblauch (oder frisch 2-3 Zehen)",
    "1 TL Kreuzkümmel",
    "1 TL Paprika rosenscharf",
    "1 TL Paprika edelsüß",
    "1 TL Brühe",
    "2 TL Oregano (getrocknet)",
    "(Chili Pulver)",
    "Salz & Pfeffer"
  ],
  "steps": [
    "Süßkartoffeln halbieren und mit Messerspitze bisschen durchlöchern Hälften mit einem kleinen bisschen Öl bestreichen und salzen bei Umluft 200°C ca. 40min backen Zwiebel und Paprika schnibbeln Soja-Granulat einweichen & würzen etwas Brühe oder/und Sojasoße, Tomatenmark und Gewürze deiner Wahl (die Gewürze, die sonst hier im Rezept benutzt werden, passen alle gut) mit dem Granulat gut vermischen und kurz beiseitestellen 28 Füllung in großer/tiefer Pfanne oder Topf Zwiebel in etwas Öl anbraten nach 1-2 min Paprika hinzufügen nach ein paar Minuten Herd etwas runter stellen Tomatenmark & Gewürze kurz mit anbraten mit einem Schuss Sojasoße ablöschen Soja-Granulat hinzufügen Solange braten, bis Paprika durch ist Kidneybohnen und Mais hinzufügen falls zu trocken etwas Wasser/Brühe hinzugeben Mit Salz und Pfeffer (und allen Gewürzen deiner Wahl) abschmecken"
  ],
  "notes": "",
  "image": ""
}