{
  "id": "r39",
  "title": "Marinierter Spargel-Erdbeer Salat",
  "tags": [
    "Hauptgericht"
  ],
  "ingredients": [
    "500 g grüner Spargel",
    "500 g weißer Spargel",
    "500 g Erdbeeren",
    "2 Romana Salat Herzen",
    "60 g Pinienkerne",
    "2 Kästchen Kresse",
    "4 EL Aceto Balsamico (hell) ● 2 EL Sherryessig",
    "6 EL Rapsöl/Distelöl",
    "2 EL Walnussöl/Pinienkernöl",
    "Salz & Pfeffer",
    "2 EL Puderzucker",
    "etwas Gemüsebrühe"
  ],
  "spices": [],
  "steps": [
    "Zuerst den Spargel putzen und schälen (der Grüne nur bis zur Hälfte). Die Stangen schräg in mundgerechte Stücke schneiden Den weißen Spargel in 12 - 15 Minuten in Salzwasser bissfest garen Für den grünen zunächst den Puderzucker leicht karamellisieren, dann die Spargelstücke darin schwenken und mit ein wenig Gemüsebrühe aufgießen Für 5 Minuten bissfest garen. Beide Sorten gut abtropfen lassen Aus den Essigen, Ölen, Salz und Pfeffer ein Dressing anrühren und die Kresse aus einem Kästchen dazugeben Den Spargel in die Sauce geben und marinieren lassen Jetzt den Salat waschen, trocken schütteln und eine große Schüssel oder 8 Teller damit auskleiden Die Erdbeeren putzen, halbieren und auf dem Salat verteilen Die Pinienkerne in einer Pfanne ohne Fett anrösten Den Spargel auf dem Salat verteilen, das restliche Dressing auch auf Salat und Erdbeeren träufeln Das alles mit der Kresse aus dem zweiten Kästchen und den Pinienkernen bestreuen"
  ],
  "notes": "",
  "image": ""
}