{
  "id": "r68",
  "title": "Marzipan-Husarenkrapfen",
  "tags": [
    "Kekse"
  ],
  "ingredients": [
    "250 g Mehl",
    "125 g Zucker",
    "50 g gemahlene Mandeln",
    "1 Pck. Vanillezucker",
    "1 Pck. Backpulver",
    "200 g Marzipan ● 125 g vegane Butter",
    "evtl. Wasser oder Pﬂanzenmilch",
    "½ Glas Marmelade",
    "Puderzucker"
  ],
  "spices": [],
  "steps": [
    "Erst die trockenen Zutaten mischen, dann Margarine und Marzipan dazu kneten. Der Teig sollte weder bröseln noch kleben, ggf. etwas mehr Mehl oder Wasser/Pﬂanzenmilch hinzugeben Im Anschluss den Teig für mind. 30 Minuten in den Kühlschrank stellen Den Teig nochmals gut durchkneten und dann kleine Kugeln formen.",
    "In die Mitte jeder Kugel ein tiefes Loch drücken. Dies geht mit dem Stiel eines Kochlöffels sehr gut, der Daumen tut es aber auch. Das Loch muss auch alle Fälle recht groß und tief sein, da der Teig beim Backen sehr auf- bzw. auseinander geht Die Kugeln mit genug Abstand auf das Backblech setzen und ca. 15 Minuten bei 180"
  ],
  "notes": "",
  "image": ""
}