{
  "id": "r46",
  "title": "→ Mixer",
  "tags": [
    "Hauptgericht"
  ],
  "ingredients": [
    "2-3 Tassen frische Basilikumblätter",
    "35 g Pinienkerne",
    "50g Cashewkerne (oder andere",
    "Kerne/Nüsse/Samen)",
    "2 Zehen Knoblauch",
    "80 ml Olivenöl ● 1 EL Zitronensaft",
    "2 EL Hefeﬂocken (und/oder",
    "veganer Käse)",
    "1 TL Salz",
    "¼ TL Pfeffer"
  ],
  "spices": [],
  "steps": [
    "Pinienkerne und Cashewkerne in eine Pfanne geben und 2-3 Minuten rösten, dabei oft umrühren oder die Pfanne schwenken."
  ],
  "notes": "",
  "image": ""
}