{
  "id": "r25",
  "title": "Möhrendurcheinander",
  "tags": [
    "Hauptgericht"
  ],
  "ingredients": [
    "600 g Möhren",
    "300 g Kartoffeln",
    "1 große Zwiebel",
    "1 Knoblauchzehe",
    "ca. 1 l Gemüsebrühe Gewürze:",
    "Salz & Pfeffer",
    "Muskat",
    "Maggi Würze"
  ],
  "spices": [],
  "steps": [
    "Die Zwiebel würfeln und Möhren und Kartoffel waschen und in Stückchen schneiden Etwas Öl in einem Topf erhitzen und die Zwiebel ein paar Minuten anbraten Danach das Gemüse dazugeben und solange anbraten, bis es “brutzelt” Das Gemüse mit der Gemüsebrühe ablöschen und für 20 Minuten köcheln lassen Danach alles zusammen cremig mixen und abschmecken"
  ],
  "notes": "",
  "image": ""
}