{
  "id": "r35",
  "title": "Nudelsalat",
  "tags": [
    "Hauptgericht"
  ],
  "ingredients": [
    "500 g Nudeln (z.B. Fusilli Tricolore)",
    "1 Dose Mais",
    "1 Paprika",
    "1 Gurke",
    "1 Zwiebel",
    "200 g Rucola",
    "250 g Kirschtomaten",
    "30 g geröstete Kerne (Pinien,",
    "Kürbis, Sonnenblumen, etc.) für die Vinaigrette:",
    "20 g Basilikum",
    "4 EL Olivenöl",
    "2 EL Apfelessig",
    "2 TL Senf",
    "1 TL Agavendicksaft",
    "2 TL Pesto Rosso"
  ],
  "spices": [],
  "steps": [
    "Nudeln kochen, Wasser dafür gut salzen und danach angießen und erstmal abkühlen lassen Mais abgießen und Paprika, Gurke und Zwiebel fein würfeln und die Kirschtomaten halbieren.",
    "Etwas Öl in einer Pfanne erhitzen und den Mais und die Paprikawürfel ca. 5 Minuten bei mittlerer Hitze anbraten.",
    "Zwiebelwürfel dazugeben und weitere 2 Minuten braten, bis sie glasig werden und die Paprika durch ist. Pfanne vom Herd nehmen und Tomaten dazugeben.",
    "Für die Vinaigrette die Zutaten in einem verschließbaren Gefäß geben und zu einem glatten Dressing schütteln. Mit Salz und Pfeffer abschmecken Alle Zutaten jetzt in einer großen Schüssel vermischen und noch einmal mit Salz und Pfeffer abschmecken"
  ],
  "notes": "● Das ist relativ viel Nudelsalat, du kannst also alles einfach halbieren, wenn du magst. Da man den aber sowieso kalt isst, ist es auch kein Problem, z.B. etwas mitzunehmen",
  "image": ""
}