{
  "id": "r17",
  "title": "Ofengemüse",
  "tags": [
    "Ofengerichte"
  ],
  "ingredients": [
    "3 Kartoffeln",
    "1 Süßkartoffel",
    "1 Paprika",
    "5-6 Champignons",
    "1 Zucchini",
    "1 Aubergine",
    "1 Dose Kichererbsen",
    "1 rote Zwiebel",
    "Joghurt Dip"
  ],
  "spices": [
    "1 TL Rosmarin",
    "1 TL Oregano",
    "½ TL Thymian",
    "2 TL Kräuter der Provence",
    "2 TL Paprikapulver",
    "1 TL Knoblauchpulver",
    "Salz, Pfeffer",
    "Olivenöl"
  ],
  "steps": [
    "Gemüse schneiden auf einem Backblech verteilen, mit Öl und Gewürzen vermischen alles für ca. 30-40 Minuten bei 200 ° C Ober-/Unterhitze backen."
  ],
  "notes": "➔ Etwas frischen gewaschenen Babyspinat, etwas von dem Dip in einen tiefen Teller geben und das Ofengemüse darauf geben",
  "image": ""
}