{
  "id": "r66",
  "title": "Orangen-Schoko-Plätzchen",
  "tags": [
    "Kekse"
  ],
  "ingredients": [
    "200 g Mehl",
    "60 g Speisestärke",
    "1 TL Backpulver",
    "100 g Zucker",
    "1 Prise Salz",
    "Ersatz für ein Ei ● die geriebene Schale einer Bio",
    "Orange",
    "125 g vegane Butter",
    "100 g Zartbitterschokolade",
    "ca 100 g dunkle Kuvertüre"
  ],
  "spices": [],
  "steps": [
    "Die trockenen Zutaten in einer Schüssel vermischen und dann den Ei-Ersatz, die Orangenschale und die Butter zufügen und alles zu einem glatten Teig kneten Die Zartbitterschokolade klein hacken und einkneten und den Teig dann für ca. 30 Minuten kühl stellen Den Teig auf einer bemehlten Arbeitsﬂäche zu einer Rolle formen. Ca. 1-2 cm dicke Portionen abschneiden und zu Kipferln formen (oder Kugeln, die man dann platt"
  ],
  "notes": "",
  "image": ""
}