{
  "id": "r55",
  "title": "Pancakes",
  "tags": [
    "Hauptgericht"
  ],
  "ingredients": [
    "400 g Mehl",
    "1 TL Backpulver",
    "600 ml Pﬂanzenmilch",
    "1 Prise Salz",
    "50 g Zucker",
    "optional: Apfelmus"
  ],
  "spices": [],
  "steps": [
    "Die trockenen Zutaten in einer Schüssel vermischen, dann die Pﬂanzenmilch dazugeben und alles nur kurz zu einem cremigen Teig verrühren (wenn man möchte, kann man auch 1-2 EL Apfelmus in den Teig mischen)",
    "Etwas neutrales Öl in einer Pfanne auf mittlerer Stufe erhitzen Nun eine Kelle Teig in die Pfanne geben und in eine runde Form bringen Sobald sich kleine Bläschen auf der Oberﬂäche der Pfannkuchen bilden und die Ränder fest werden (nach ca. 3 Minuten), kann man die Pfannkuchen vorsichtig"
  ],
  "notes": "",
  "image": ""
}