{
  "id": "r41",
  "title": "Pesto Schnecken",
  "tags": [
    "Hauptgericht"
  ],
  "ingredients": [
    "1 Pck. Blätterteig",
    "ca. 3 EL Pesto",
    "70-120 g veganer Reibekäse"
  ],
  "spices": [],
  "steps": [
    "Den Blätterteig ausrollen und das Pesto deiner Wahl gleichmäßig darauf verstreichen Den Reibekäse darüber verteilen Den Blätterteig an der langen Seite aufrollen Von der Blätterteigrolle ca. 2 cm dicke Scheiben schneiden, diese auf einem mit"
  ],
  "notes": "",
  "image": ""
}