{
  "id": "r26",
  "title": "Ratatouille mit Gnocchi",
  "tags": [
    "Anderes"
  ],
  "ingredients": [
    "200-300 g Gnocchi",
    "1 große Zwiebel",
    "1 Zucchini",
    "1 Aubergine",
    "1 Paprika",
    "1 Dose gehackte Tomaten",
    "2-3 Zehen Knoblauch",
    "½ Tube Tomatenmark",
    "Olivenöl Gewürze:",
    "Brühepulver, Salz, Pfeffer",
    "2 TL Kräuter der Provence",
    "1-2 TL Oregano",
    "je 1 TL Paprika Edelsüß und",
    "rosenscharf",
    "½ TL Kreuzkümmel",
    "ein paar frische Blätter Basilikum",
    "Cayennepfeffer",
    "Tikka oder Garam Masala",
    "Maggi"
  ],
  "spices": [],
  "steps": [
    "Gemüse schneiden: a. die Zwiebel, Zucchini und Aubergine in Halb- oder Viertelkreise schneiden b. die Paprika so wie man halt Paprika schneidet schneiden (kann bisschen gröber sein)",
    "c. den Knoblauch fein hacken Die Zwiebeln als erstes in etwas heißem Olivenöl anbraten (man kann gut großzügig sein mit dem Öl, es kommt ja noch viel Gemüse dazu)",
    "Nach ein paar Minuten das restliche Gemüse nacheinander dazugeben und mit anbraten (meine empfohlene Reihenfolge: Aubergine, Paprika, Zucchini)",
    "Nach weiteren 3-5 Minuten das Tomatenmark dazugeben und gut vermischen Das Ganze dann mit den gehackten Tomaten ablöschen, würzen und alles gut umrühren Während die Gemüse Mischung dann noch etwas köchelt, können die Gnocchi noch angebraten werden Wenn dann das Gemüse ganz durch ist (also du nicht mehr von der Paprika stirbst)",
    "und die Gnocchi goldbraun sind, bist du fertig :)",
    "Zum Servieren das Ratatouille in eine Schüssel oder tiefen Teller geben und ein paar Gnocchi als crispy topping oben drauf (auf dem Bild sind es etwas viele Gnocchi, aber"
  ],
  "notes": "",
  "image": ""
}