{
  "id": "r6",
  "title": "Rice Paper Dumplings",
  "tags": [
    "Hauptgericht", "Asiatisch", "Fingerfood", "Beilage", "Vorspeise"
  ],
  "ingredients": [
    "Reispapier (ca. 12 Blatt)",
    "200 g Naturtofu",
    "1 (große) Möhre",
    "150-200 g Pilze",
    "2-3 Frühlingszwiebeln",
    "Sesamöl",
    { "section": "Für den Dip" },
    "1 TL Sesamöl",
    "½ TL Reisessig",
    "1 TL Agavendicksaft",
    "Sesam"
  ],
  "spices": [
    "1 Knoblauchzehe",
    "1 kleines Stück Ingwer (1-2 cm)",
    "Sojasoße",
    { "section": "Für den Dip" },
    "1 EL Sojasoße",
    "¼ TL Gochujang (oder andere Schärfe)"
  ],
  "steps": [
    "Das ganze Gemüse fein hacken",
    "Etwas Sesamöl erhitzen und als erstes die Frühlingszwiebeln anbraten, dann Ingwer, Möhre und Knoblauch dazugeben und eine Weile gut anbraten",
    "Währenddessen den Tofu gut auspressen (zwischen den Händen reicht eigentlich, sonst mit einem Küchentuch noch Feuchtigkeit aufsaugen)",
    "Den Tofu dann in die Pfanne bröseln dann auch die Pilze dazugeben und alles gut anbraten, bis die Möhren etwas weicher sind und der Tofu goldbraun",
    "Dann alles mit Sojasoße ablöschen und wenn gewünscht mit anderen Gewürzen deiner Wahl abschmecken und den Herd ausmachen",
    { "text": "Reispapiere befüllen:", "sub": [
    "Ein Reisepapier kurz in Wasser tunken (soll noch nicht weich werden im Wasser, das wird noch so weicher)",
    "auf einer glatten Oberﬂäche ausbreiten (mit etwas Sesam bestreuen) und etwas Füllung in die Mitte des Papiers geben (Menge ist abhängig von der Größe des Reispapiers)",
    "Das Reispapier dann eng falten, wie eine Sommerrolle und wenn du stabilere Dumplings haben willst das auch nochmal in einem zweiten Reispapier einwickeln (Sonst kann das schonmal in der Pfanne reißen)"
    ]},
    "Dann können die Taschen jetzt in ordentlich Öl gut von beiden Seiten angebraten werden",
    "Für den Dip alle genannten Zutaten zusammen mixen und abschmecken, wie du es am liebsten magst"
  ],
  "notes": "",
  "image": ""
}