{
  "id": "r7",
  "title": "Sommerrollen",
  "tags": [
    "Hauptgericht", "Asiatisch", "Fingerfood", "Beilage", "Vorspeise"
  ],
  "ingredients": [
    "ca. 12 Reispapier (bei 20-22 cm",
    "Durchmesser)",
    "50 g Mie oder Glas Nudeln",
    "100 g Räuchertofu",
    "1 Möhre",
    "1 Gurke",
    "1 Paprika",
    "1 Avocado ● 3 Frühlingszwiebeln",
    "Sesam",
    "Chili Mayo",
    "Salz",
    "Frische Minze, Koriander oder",
    "(Thai)Basilikum",
    "[Erdnusssauce](#erdnusssosse.json)"
  ],
  "spices": [],
  "steps": [
    "Das Gemüse, die Avocado und den Tofu in feine Streifen schneiden und die Frühlingszwiebeln so wie immer schneiden Wasser für die Nudeln zum Kochen bringen und diese Kochen, wie auf der Packung beschrieben"
  ],
  "notes": "",
  "image": ""
}