{
  "id": "r27",
  "title": "Spätzle-Pilz-Pfanne",
  "tags": [
    "Anderes"
  ],
  "ingredients": [
    "500 g vegane Spätzle (z.B.",
    "Vemondo)",
    "250 g Champignons",
    "2 Zwiebeln",
    "½ Block Räuchertofu (100 g)",
    "Öl zum braten Gewürze:",
    "½ TL Kreuzkümmel",
    "1 TL Paprikapulver",
    "½ TL Brühepulver",
    "½ TL Knoblauchpulver",
    "Salz & Pfeffer"
  ],
  "spices": [],
  "steps": [
    "Zwiebeln in Halb- oder Viertelkreise schneiden, Tofu in kleine Würfel schneiden und die Pilze in Scheiben schneiden In einer großen (tiefen) Pfanne etwas Öl erhitzen und die Zwiebeln anbraten Nach 3-4 Minuten die Tofu-Würfel und Spätzle dazu geben und grob vermischen Das ganze jetzt so lange anbraten, bis die Spätzle teilweise goldbraun sind (dafür nicht die ganze Zeit rühren, sondern die Spätzle immer wieder ein paar Minuten stehen lassen, damit die von der einen Seite bisschen crispy werden können)",
    "Wenn die Spätzle langsam etwas Farbe bekommen, können die geschnittenen Pilze und Gewürze dazu gegeben werden Wenn die Pilze durch sind, noch mit Salz und Pfeffer abschmecken Optional: Wenn man die Spätzle lieber in einer Creamy Soße haben will, kann man eine Packung Hafer/Pﬂanzensahne zum Pfanneninhalt geben und das kurz aufkochen Zusätzlich zu der Sahne kann man auch eine Packung Tüten Zwiebelsuppe mit etwas heißem Wasser mischen und ebenfalls zum Pfanneninhalt geben, dann braucht man auch nicht beide frischen Zwiebeln (bei der Tütensuppe darauf achten, dass die vegan"
  ],
  "notes": "",
  "image": ""
}