{
  "id": "r8",
  "title": "Spaghetti Bolognese",
  "tags": [
    "Pasta (oder so)"
  ],
  "ingredients": [
    "250 g Spaghetti (natürlich",
    "schmeckt es auch mit allen",
    "anderen Nudeln)",
    "100 g Sojagranulat",
    "1 Zwiebel",
    "2 Knoblauchzehen",
    "2 Karotten",
    "350 g passierte Tomaten",
    "1-2 EL Tomatenmark",
    "3 EL Sojasoße",
    "Oliven-/Rapsöl Gewürze:",
    "2 TL Gemüsebrühe",
    "1 TL Kreuzkümmel",
    "1 TL Paprikapulver edelsüß",
    "1 TL Paprikapulver rosenscharf",
    "1 TL Basilikum (getrocknet)",
    "2 EL Hefeﬂocken",
    "1 TL Zucker",
    "Salz & Pfeffer"
  ],
  "spices": [],
  "steps": [
    "Sojagranulat vorbereiten: Sojagranulat mit 2 EL Wasser, der Sojasoße, dem Tomatenmark und den Gewürzen (Gemüsebrühe, Kreuzkümmel und Paprika) in einer Schüssel vermischen. Umrühren und kurz beiseitestellen Nudeln kochen: Wasser aufkochen, gut salzen und Nudeln nach Packung kochen Bolognese vorbereiten: Zwiebeln klein schneiden, Karotte nach Belieben schälen, vierteln und in kleine Stücke schneiden, Knoblauch schälen und pressen Braten: Öl in einer Pfanne erhitzen und Zwiebeln darin kurz anbraten. Dann die Karotten und das Sojagranulat hinzugeben und für etwa 5-7 Minuten anbraten (bis sie fast durch sind). Anschließend mit den passierten Tomaten ablöschen, Knoblauch, Zucker, Basilikum und Hefeﬂocken hinzugeben und nochmal etwa 5 Minuten köcheln lassen. Mit Salz und Pfeffer abschmecken.",
    "Fertig :)",
    "Optional: Wenn du magst, kannst du natürlich auch frischen Basilikum verwenden Auch andere Kräuter, wie Kräuter der Provence oder Oregano passen gut dazu Wenn du mehr Gemüse hinzugeben magst, kannst du bspw. frische Tomaten kurz vorm Servieren mit hinzugeben, Paprika klein schneiden und zusammen mit den Karotten anbraten oder Champignons klein würfeln und mit dem Sojagranulat anbraten Es gibt auch fertiges “Hackﬂeisch”, was du genauso wie das Sojagranulat benutzen"
  ],
  "notes": "",
  "image": ""
}