{
  "id": "r22",
  "title": "Spinat mit Kartoffeln",
  "tags": [
    "Kartoffelgerichte"
  ],
  "ingredients": [
    "400 g TK Spinat",
    "1 Zwiebel (fein gewürfelt)*",
    "40 g Margarine",
    "40 g Mehl",
    "500 ml Pﬂanzenmilch",
    "500 g Kartoffeln",
    "vegane Fischstäbchen (opt) Gewürze:",
    "1 TL Brühe",
    "½ Muskatnuss",
    "½ TL Kreuzkümmel*",
    "1 TL Paprikapulver*",
    "Salz & Pfeffer (viel Pfeffer*)",
    "* für würzigen Spinat"
  ],
  "spices": [],
  "steps": [
    "Kartoffeln schälen und in relativ gleich große Hälften/Viertel schneiden und für ca. 20 Minuten kochen In einem großen Topf eine Béchamelsoße zubereiten (Für würzigen Spinat, brät man die Zwiebeln in der Margarine an, bevor man das Mehl dazu gibt)",
    "Den Spinat in die Béchamelsoße geben und warten bis der Spinat ganz aufgetaut ist, sodass man den gut mit der Soße vermischen kann Den Spinat dann würzen und auf niedriger bis mittlerer Hitze ganz erhitzen In der Zeit die Fischstäbchen wie auf der Verpackung beschrieben zubereiten Wenn alles fertig ist, noch die Kartoffeln abgießen und fertig :)"
  ],
  "notes": "",
  "image": ""
}