{
  "id": "r61",
  "title": "→ Springform 26 cm, Reibe für Zitronenschale",
  "tags": [
    "Hauptgericht"
  ],
  "ingredients": [
    "Teig:",
    "300 g Mehl",
    "180 g Zucker",
    "1 Pck Vanillezucker",
    "1 Pck Backpulver",
    "50 g Backkakao",
    "1 Prise Salz",
    "200 g vegane Butter",
    "Füllung:",
    "2 Becher veganer Vanille-Skyr",
    "2 Pck. Vanillepuddingpulver",
    "200 g Zucker",
    "30 g Zitronensaft",
    "½ Fläschchen Zitronenaroma",
    "geriebene Schale von 1 Bio",
    "Zitrone",
    "100 g vegane Butter"
  ],
  "spices": [],
  "steps": [
    "Für den Teig: a. alle trockenen Zutaten gut vermischen b. die Butter hinzufügen und alles zu einem Teig verkneten Für die Füllung: a. in einer Schüssel den Skyr, Zucker, Zitronenschale, Zitronensaft, Zitronenaroma und geschmolzene Butter gut verrühren b. dann das Puddingpulver gut untermixen, dass es eine glatte Masse ohne Klümpchen wird ⅔ von dem Teig in der gefetteten Form verteilen und einen 2-3 cm hohen Rand bilden Die Füllung auf den Boden in der Springform gießen Das restliche Drittel Teig als Streusel auf der Füllung verteilen im Ofen für ca. 60 Minuten bei 170°C Ober-Unterhitze auf der mittleren Schiene backen Nach dem Backen im geöffneten Backofen vollständig auskühlen lassen und der Kuchen erst"
  ],
  "notes": "",
  "image": ""
}