{
  "id": "r20",
  "title": "→ tiefe Auﬂaufform (ca. 20 x 25 cm)",
  "tags": [
    "Hauptgericht"
  ],
  "ingredients": [
    "1 Zwiebel",
    "70 g Soja Granulat",
    "3-4 EL Tomatenmark",
    "ca. ½ kg Kartoffeln",
    "vegane Margarine",
    "ca. 400 g Erbsen & Möhren aus",
    "dem Glas",
    "2-3 EL Mehl oder Speisestärke Gewürze:",
    "3 EL Sojasoße",
    "2 EL Worcestershire Sauce",
    "1 TL Paprikapulver",
    "1 TL geräucherte Paprika",
    "½ Muskatnuss",
    "Brühepulver, Salz und Pfeffer",
    "Agavendicksaft"
  ],
  "spices": [],
  "steps": [
    "Die Kartoffeln schälen, schneiden und in Salzwasser für ca. 20 Minuten kochen Währenddessen das Soja Granulat in etwas heißer Brühe und Sojasoße einweichen und mit Paprikapulver, und Pfeffer würzen Die Zwiebel in kleine Würfel schneiden Die Zwiebel und das Soja Granulat anbraten und nach ca. 5 Minuten das Tomatenmark und die Worcestershire Sauce dazugeben und gut unterrühren Die Erbsen und Möhren (inklusive etwas der Flüssigkeit im Glas) in einem kleinen Topf mit einer Mehl-Wasser-Mische aufkochen bis die Soße angedickt ist und mit ½ TL Agavendicksaft und Salz würzen Wenn die Kartoffeln durch sind, das Wasser abgießen, die Kartoffeln stampfen und 2-3 EL Margarine unterrühren und ordentlich mit geriebener Muskatnuss und Salz, Pfeffer und Brühe abschmecken Wenn alles durch ist, kann das Ganze in der Auﬂaufform geschichtet werden a. Dafür als erstes das Soja Hack in die Auﬂaufform geben b. Danach die Erbsen und Möhren Mischung auf dem Hack verteilen c. Als letzte Schicht das Kartoffelpüree in die Auﬂaufform geben d. ein paar Margarine Flocken auf das Kartoffelpüree geben und mit einer Gabel verteilen Das Ganze dann noch für ca. 30 Minuten bei 180°C Umluft backen"
  ],
  "notes": "",
  "image": ""
}