{
  "id": "r49",
  "title": "Tzatziki",
  "tags": [
    "Hauptgericht"
  ],
  "ingredients": [
    "500 g Hafer Joghurt (ungesüßt)",
    "½ Gurke",
    "2 Zehen Knoblauch",
    "2 EL Olivenöl ● 1 EL Weinessig",
    "Salz & Pfeffer",
    "optional: frischer Dill"
  ],
  "spices": [],
  "steps": [
    "Gurke waschen und grob reiben. Nun die Raspeln in ein feines Sieb geben, über eine Schüssel oder die Spüle hängen und abtropfen lassen. 1 TL Salz hinzugeben, unterrühren und mindestens 20 Minuten stehen lassen. Anschließend mit einem Löffel die restliche Flüssigkeit ausdrücken.",
    "Joghurt in eine Schüssel geben. Knoblauch schälen und zum Joghurt pressen."
  ],
  "notes": "",
  "image": ""
}